date,last_4_dewpt_avg,last_4_temp_avg,last_4_solar_radiation_high,last_4_humidity_avg,current_solar_radiation,current_humidity,current_temp,current_dewpt,current_precip_rate,previous_day_percip_total,is_greenbelt_dry
2020-02-11 00:59:58,0.0,0.0,0.0,0.0,0.0,85,8,6,0.0,63.480000000000000,0
2020-02-11 01:59:58,0.0,0.0,0.0,0.0,0.0,88,8,6,0.0,63.480000000000000,0
2020-02-11 02:59:58,0.0,0.0,0.0,0.0,0.0,91,7,6,0.25,63.480000000000000,0
2020-02-11 03:59:58,20.0,21.0,0.0,94.25,0.0,93,7,6,0.25,63.480000000000000,0
2020-02-11 04:59:58,20.0,21.0,0.0,94.5,0.0,92,7,5,0.25,63.480000000000000,0
2020-02-11 05:59:58,20.0,21.0,0.0,95.0,0.0,92,7,5,0.0,63.480000000000000,0
2020-02-11 06:59:58,20.0,21.0,0.0,95.5,0.0,93,6,5,0.25,63.480000000000000,0
2020-02-11 07:59:59,20.0,21.0,4.5,95.75,5.0,94,6,5,0.51,63.480000000000000,0
2020-02-11 08:59:59,19.75,20.75,18.0,95.25,25.0,94,6,5,0.0,63.480000000000000,0
2020-02-11 09:59:59,18.0,19.0,51.75,94.0,49.0,92,6,5,0.0,63.480000000000000,0
2020-02-11 10:59:59,16.0,17.0,83.5,93.25,111.0,91,7,5,0.0,63.480000000000000,0
2020-02-11 11:59:59,13.75,14.75,99.75,92.75,120.0,91,7,6,0.0,63.480000000000000,0
2020-02-11 12:59:59,11.75,12.5,110.0,93.0,183.0,94,8,7,0.25,63.480000000000000,0
2020-02-11 13:59:59,11.25,11.75,102.5,94.0,88.0,94,8,7,0.25,63.480000000000000,0
2020-02-11 14:59:59,11.0,11.25,97.0,94.25,49.0,94,7,6,0.25,63.480000000000000,0
2020-02-11 15:59:58,11.0,11.0,90.25,94.25,47.0,95,7,6,0.25,63.480000000000000,0
2020-02-11 16:59:58,10.75,11.0,80.0,93.75,33.0,96,7,7,0.25,63.480000000000000,0
2020-02-11 17:59:58,10.25,11.0,61.75,92.25,18.0,96,7,7,0.0,63.480000000000000,0
2020-02-11 18:59:58,9.5,10.75,35.5,90.0,0.0,96,7,7,0.0,63.480000000000000,0
2020-02-11 19:59:58,8.5,10.25,21.5,87.75,0.0,96,7,7,0.25,63.480000000000000,0
2020-02-11 20:59:58,7.75,9.75,8.0,85.75,0.0,96,7,7,0.51,63.480000000000000,0
2020-02-11 21:59:58,7.25,9.25,0.0,84.5,0.0,96,7,6,0.76,63.480000000000000,0
2020-02-11 22:59:58,6.75,9.0,0.0,84.0,0.0,96,7,6,0.25,63.480000000000000,0
2020-02-11 23:59:58,6.5,9.0,0.0,83.5,0.0,96,7,7,1.02,63.480000000000000,0
2020-02-12 00:59:58,0.0,0.0,0.0,0.0,0.0,96,7,7,1.02,33.55,0
2020-02-12 01:59:58,0.0,0.0,0.0,0.0,0.0,97,7,7,11.94,33.55,0
2020-02-12 02:59:58,0.0,0.0,0.0,0.0,0.0,97,7,6,10.92,33.55,0
2020-02-12 03:59:58,6.0,7.5,0.0,89.25,0.0,96,7,6,0.76,33.55,0
2020-02-12 04:59:58,5.75,7.25,0.0,91.0,0.0,96,6,6,2.54,33.55,0
2020-02-12 05:59:59,5.5,7.0,0.0,92.0,0.0,97,6,6,6.6,33.55,0
2020-02-12 06:59:59,5.25,6.75,0.0,92.5,0.0,97,7,6,4.06,33.55,0
2020-02-12 07:59:59,5.0,6.5,1.25,92.75,16.0,97,7,6,3.3,33.55,0
2020-02-12 08:59:59,5.0,6.25,7.5,93.25,25.0,97,7,6,1.52,33.55,0
2020-02-12 09:59:59,5.0,6.0,19.75,93.25,98.0,97,7,7,0.0,33.55,0
2020-02-12 10:59:59,5.0,6.25,47.5,92.75,130.0,95,7,7,0.0,33.55,0
2020-02-12 11:59:59,5.25,6.5,76.25,92.0,278.0,92,8,7,0.0,33.55,0
2020-02-12 12:59:59,5.75,7.0,115.75,92.0,543.0,86,10,8,0.0,33.55,0
2020-02-12 13:59:59,6.25,7.5,125.5,92.5,512.0,82,12,9,0.0,33.55,0
2020-02-12 14:59:58,6.5,7.5,110.0,93.25,454.0,80,12,9,0.0,33.55,0
2020-02-12 15:59:58,6.5,7.5,91.75,94.25,654.0,78,12,9,0.0,33.55,1
2020-02-12 16:59:58,6.5,7.25,54.25,94.75,494.0,73,14,9,0.0,33.55,1
2020-02-12 17:59:58,6.5,7.0,36.75,95.25,234.0,71,14,9,0.0,33.55,1
2020-02-12 18:59:58,6.75,7.0,24.5,95.75,16.0,76,13,9,0.0,33.55,1
2020-02-12 19:59:58,7.0,7.0,12.75,96.0,0.0,83,11,8,0.0,33.55,1
2020-02-12 20:59:58,7.0,7.0,4.5,96.0,0.0,88,9,8,0.0,33.55,1
2020-02-12 21:59:58,6.75,7.0,0.0,96.0,0.0,91,8,7,0.0,33.55,1
2020-02-12 22:59:58,6.5,7.0,0.0,96.0,0.0,93,7,6,0.0,33.55,1
2020-02-12 23:59:59,6.5,7.0,0.0,96.0,0.0,93,7,6,0.0,33.55,1
2020-02-13 00:59:58,0.0,0.0,0.0,0.0,0.0,94,6,6,0.25,530.1700000000000,0
2020-02-13 01:59:58,0.0,0.0,0.0,0.0,0.0,93,7,6,0.25,530.1700000000000,0
2020-02-13 02:59:58,0.0,0.0,0.0,0.0,0.0,88,8,6,0.0,530.1700000000000,0
2020-02-13 03:59:58,6.5,7.0,0.0,96.5,0.0,88,8,6,0.0,530.1700000000000,0
2020-02-13 04:59:59,6.25,6.75,0.0,96.5,0.0,91,7,5,0.0,530.1700000000000,0
2020-02-13 05:59:59,6.0,6.5,0.0,96.5,0.0,92,5,4,0.0,530.1700000000000,0
2020-02-13 06:59:59,6.0,6.5,0.0,96.5,0.0,92,4,3,0.0,530.1700000000000,0
2020-02-13 07:59:59,6.0,6.5,4.0,96.75,76.0,92,5,3,0.0,530.1700000000000,0
2020-02-13 08:59:59,6.0,6.75,10.25,97.0,295.0,86,6,4,0.0,530.1700000000000,0
2020-02-13 09:59:59,6.25,7.0,34.75,97.0,540.0,78,7,4,0.0,530.1700000000000,0
2020-02-13 10:59:59,6.5,7.0,67.25,96.5,745.0,73,8,4,0.0,530.1700000000000,0
2020-02-13 11:59:59,6.75,7.25,132.75,95.25,916.0,73,8,4,0.0,530.1700000000000,0
2020-02-13 12:59:59,7.25,8.0,262.25,92.5,1005.0,70,9,4,0.0,530.1700000000000,0
2020-02-13 13:59:58,7.75,9.25,365.75,88.75,751.0,66,10,4,0.0,530.1700000000000,0
2020-02-13 14:59:58,8.25,10.5,446.75,85.0,682.0,62,11,4,0.0,530.1700000000000,1
2020-02-13 15:59:58,8.75,11.5,540.75,81.5,580.0,60,11,4,0.0,530.1700000000000,1
2020-02-13 16:59:58,9.0,12.5,528.5,78.25,424.0,59,12,4,0.0,530.1700000000000,1
2020-02-13 17:59:58,9.0,13.0,459.0,75.5,232.0,61,11,4,0.0,530.1700000000000,1
2020-02-13 18:59:58,9.0,13.25,349.5,74.5,18.0,67,9,4,0.0,530.1700000000000,1
2020-02-13 19:59:58,8.75,13.0,186.0,75.75,0.0,71,8,4,0.0,530.1700000000000,1
2020-02-13 20:59:58,8.5,11.75,62.5,79.5,0.0,74,7,3,0.0,530.1700000000000,1
2020-02-13 21:59:58,8.0,10.25,4.0,84.5,0.0,76,6,3,0.0,530.1700000000000,1
2020-02-13 22:59:59,7.25,8.75,0.0,88.75,0.0,78,6,2,0.0,530.1700000000000,1
2020-02-13 23:59:59,6.75,7.75,0.0,91.25,0.0,79,5,2,0.0,530.1700000000000,1
2020-02-14 00:59:58,0.0,0.0,0.0,0.0,0.0,81,4,1,0.0,6.0,1
2020-02-14 01:59:58,0.0,0.0,0.0,0.0,0.0,80,4,1,0.0,6.0,1
2020-02-14 02:59:59,0.0,0.0,0.0,0.0,0.0,81,3,0,0.0,6.0,1
2020-02-14 03:59:59,6.0,7.25,0.0,90.75,0.0,84,2,0,0.0,6.0,1
2020-02-14 04:59:59,5.75,7.5,0.0,90.0,0.0,85,2,0,0.0,6.0,1
2020-02-14 05:59:59,5.25,7.0,0.0,89.75,0.0,86,2,0,0.0,6.0,1
2020-02-14 06:59:59,4.5,6.0,0.0,90.75,0.0,88,1,-1,0.0,6.0,1
2020-02-14 07:59:59,3.75,5.25,19.0,91.75,86.0,89,1,-1,0.0,6.0,1
2020-02-14 08:59:59,3.5,5.0,92.75,90.5,285.0,83,3,0,0.0,6.0,1
2020-02-14 09:59:59,3.5,5.5,227.75,87.0,468.0,75,5,1,0.0,6.0,1
2020-02-14 10:59:59,3.75,6.5,414.0,82.25,610.0,69,8,2,0.0,6.0,1
2020-02-14 11:59:58,4.0,7.25,624.0,77.5,696.0,63,10,3,0.0,6.0,1
2020-02-14 12:59:58,4.0,8.0,801.5,73.5,729.0,59,11,4,0.0,6.0,1
2020-02-14 13:59:58,4.0,8.75,854.25,70.5,726.0,54,13,4,0.0,6.0,1
2020-02-14 14:59:58,4.0,9.5,838.5,67.75,684.0,52,14,4,0.0,6.0,1
2020-02-14 15:59:58,4.0,10.25,754.5,64.5,585.0,50,15,5,0.0,6.0,1
2020-02-14 16:59:58,4.0,11.0,609.25,61.75,431.0,49,15,5,0.0,6.0,1
2020-02-14 17:59:58,4.0,11.25,479.5,60.5,241.0,49,15,4,0.0,6.0,1
2020-02-14 18:59:58,4.0,10.75,313.5,61.75,21.0,52,13,4,0.0,6.0,1
2020-02-14 19:59:58,4.0,10.0,168.5,64.5,0.0,59,12,4,0.0,6.0,1
2020-02-14 20:59:59,3.75,8.75,62.5,68.25,0.0,64,11,4,0.0,6.0,1
2020-02-14 21:59:59,3.5,7.5,4.5,72.0,0.0,67,10,4,0.0,6.0,1
2020-02-14 22:59:59,3.0,6.75,0.0,74.75,0.0,71,9,4,0.0,6.0,1
2020-02-14 23:59:59,2.5,6.0,0.0,76.75,0.0,78,7,4,0.0,6.0,1
2020-02-15 00:59:58,0.0,0.0,0.0,0.0,0.0,83,6,3,0.0,0.0,1
2020-02-15 01:59:59,0.0,0.0,0.0,0.0,0.0,86,5,3,0.0,0.0,1
2020-02-15 02:59:59,0.0,0.0,0.0,0.0,0.0,88,5,3,0.0,0.0,1
2020-02-15 03:59:59,0.5,3.25,0.0,81.5,0.0,88,5,4,0.0,0.0,1
2020-02-15 04:59:59,0.25,2.75,0.0,82.5,0.0,88,5,4,0.0,0.0,1
2020-02-15 05:59:59,0.0,2.25,0.0,84.0,0.0,89,5,3,0.0,0.0,1
2020-02-15 06:59:59,-0.25,1.75,0.0,85.75,0.0,90,3,2,0.0,0.0,1
2020-02-15 07:59:59,-0.5,1.5,21.5,87.0,30.0,92,3,2,0.0,0.0,1
2020-02-15 08:59:59,-0.5,1.75,92.75,86.5,374.0,94,5,4,0.0,0.0,1
2020-02-15 09:59:58,-0.25,2.5,209.75,83.75,408.0,84,9,7,0.0,0.0,1
2020-02-15 10:59:58,0.5,4.25,362.25,79.0,380.0,78,12,8,0.0,0.0,1
2020-02-15 11:59:58,1.5,6.5,514.75,72.5,443.0,74,14,10,0.0,0.0,1
2020-02-15 12:59:58,2.5,8.5,625.75,66.5,394.0,71,16,11,0.0,0.0,1
2020-02-15 13:59:58,3.25,10.5,690.25,61.25,311.0,68,17,12,0.0,0.0,1
2020-02-15 14:59:58,3.75,12.0,708.75,57.0,241.0,68,18,12,0.0,0.0,1
2020-02-15 15:59:56,4.25,13.25,681.0,53.75,158.0,67,18,12,0.0,0.0,1
2020-02-15 16:59:58,4.5,14.25,606.5,51.25,120.0,66,18,12,0.0,0.0,1
2020-02-15 17:59:58,4.5,14.75,485.25,50.0,62.0,67,18,12,0.0,0.0,1
2020-02-15 18:59:58,4.5,14.5,319.5,50.0,14.0,68,18,12,0.0,0.0,1
2020-02-15 19:59:59,4.25,13.75,173.25,52.25,0.0,71,17,12,0.0,0.0,1
2020-02-15 20:59:59,4.0,12.75,65.5,56.0,0.0,75,16,12,0.0,0.0,1
2020-02-15 21:59:59,4.0,11.5,5.25,60.5,0.0,80,14,11,0.0,0.0,1
2020-02-15 22:59:59,4.0,10.5,0.0,65.25,0.0,85,14,11,0.0,0.0,1
2020-02-15 23:59:59,4.0,9.25,0.0,70.0,0.0,85,14,11,0.0,0.0,1
2020-02-16 00:59:59,0.0,0.0,0.0,0.0,0.0,86,13,10,0.0,0.0,1
2020-02-16 01:59:59,0.0,0.0,0.0,0.0,0.0,89,11,10,0.0,0.0,1
2020-02-16 02:59:59,0.0,0.0,0.0,0.0,0.0,91,10,9,0.0,0.0,1
2020-02-16 03:59:59,3.25,5.25,0.0,86.25,0.0,92,10,9,0.0,0.0,1
2020-02-16 04:59:59,3.5,5.0,0.0,87.5,0.0,94,10,9,0.0,0.0,1
2020-02-16 05:59:59,3.5,5.0,0.0,88.25,0.0,94,10,9,0.0,0.0,1
2020-02-16 06:59:59,3.25,4.5,0.0,88.75,0.0,95,12,11,0.0,0.0,1
2020-02-16 07:59:59,2.75,4.0,7.5,89.75,40.0,95,14,13,0.0,0.0,1
2020-02-16 08:59:58,2.75,4.0,101.0,91.25,179.0,95,14,14,0.0,0.0,1
2020-02-16 09:59:58,3.75,5.0,203.0,90.0,218.0,92,16,15,0.0,0.0,1
2020-02-16 10:59:58,5.25,7.25,298.0,87.0,468.0,84,18,15,0.0,0.0,1
2020-02-16 11:59:58,7.25,10.0,401.25,82.5,497.0,77,20,16,0.0,0.0,1
2020-02-16 12:59:58,9.0,12.75,406.25,76.75,524.0,71,21,16,0.0,0.0,1
2020-02-16 13:59:58,10.25,14.75,382.0,72.75,686.0,66,22,16,0.0,0.0,1
2020-02-16 14:59:58,11.25,16.25,347.25,70.25,789.0,56,25,16,0.0,0.0,1
2020-02-16 15:59:58,11.75,17.25,276.0,68.5,408.0,57,26,17,0.0,0.0,1
2020-02-16 16:59:58,12.0,17.75,207.5,67.25,329.0,67,23,17,0.0,0.0,1
2020-02-16 17:59:59,12.0,18.0,145.25,67.0,274.0,73,22,17,0.0,0.0,1
2020-02-16 18:59:59,12.0,18.0,88.5,67.0,40.0,75,21,16,0.0,0.0,1
2020-02-16 19:59:59,12.0,17.75,49.0,68.0,0.0,77,19,15,0.0,0.0,1
2020-02-16 20:59:59,12.0,17.25,19.0,70.25,0.0,81,18,15,0.0,0.0,1
2020-02-16 21:59:59,11.75,16.25,3.5,73.5,0.0,84,17,14,0.0,0.0,1
2020-02-16 22:59:59,11.5,15.25,0.0,77.75,0.0,88,15,13,0.0,0.0,1
2020-02-16 23:59:59,11.25,14.5,0.0,81.25,0.0,91,14,13,0.0,0.0,1
2020-02-17 00:59:59,0.0,0.0,0.0,0.0,0.0,94,15,14,0.0,0.0,1
2020-02-17 01:59:59,0.0,0.0,0.0,0.0,0.0,95,16,15,0.0,0.0,1
2020-02-17 02:50:27,0.0,0.0,0.0,0.0,0.0,96,17,16,0.0,0.0,1
2020-02-17 09:41:32,9.5,11.0,0.0,89.5,130.0,96,20,19,0.0,0.0,1
2020-02-17 16:59:59,9.25,10.25,0.0,91.5,501.0,68,26,20,0.0,0.0,1
2020-02-17 17:59:59,9.0,10.0,0.0,92.75,243.0,69,26,20,0.0,0.0,1
2020-02-17 18:59:59,9.5,10.5,0.0,93.75,23.0,71,25,19,0.0,0.0,1
2020-02-17 19:59:59,10.5,11.5,10.0,94.5,0.0,76,24,19,0.0,0.0,1
2020-02-17 20:59:59,11.75,12.5,54.75,94.75,0.0,82,23,19,0.0,0.0,1
2020-02-17 21:59:59,13.25,14.0,109.25,94.25,0.0,84,22,19,0.0,0.0,1
2020-02-17 22:59:59,14.25,15.5,226.25,91.5,0.0,86,21,19,0.0,0.0,1
2020-02-17 23:59:59,15.0,17.0,340.5,87.0,0.0,89,20,19,0.0,0.0,1
2020-02-18 00:59:59,0.0,0.0,0.0,0.0,0.0,90,20,19,0.0,0.0,1
2020-02-18 01:59:59,0.0,0.0,0.0,0.0,0.0,91,20,19,0.0,0.0,1
2020-02-18 02:59:59,0.0,0.0,0.0,0.0,0.0,92,20,19,0.0,0.0,1
2020-02-18 03:59:59,16.0,17.0,32.5,95.25,0.0,93,20,19,0.0,0.0,1
2020-02-18 04:59:59,17.5,19.75,157.75,88.75,0.0,93,20,19,0.0,0.0,1
2020-02-18 05:59:58,18.75,22.25,218.5,82.25,0.0,93,20,19,0.0,0.0,1
2020-02-18 06:59:58,19.5,24.25,224.25,76.0,0.0,93,20,19,0.0,0.0,1
2020-02-18 07:59:58,19.5,25.25,191.75,71.0,19.0,93,20,19,0.0,0.0,1
2020-02-18 08:59:58,19.25,24.5,66.5,74.5,47.0,93,20,19,0.0,0.0,1
2020-02-18 09:59:58,19.0,23.5,5.75,78.25,69.0,94,21,20,0.0,0.0,1
2020-02-18 10:59:58,19.0,22.5,0.0,82.0,195.0,95,21,20,0.0,0.0,1
2020-02-18 11:59:58,19.0,21.5,0.0,85.25,142.0,95,21,20,0.0,0.0,1
2020-02-18 12:59:58,19.0,20.75,0.0,87.25,90.0,93,21,20,0.0,0.0,1
2020-02-18 13:59:58,19.0,20.25,0.0,89.0,63.0,91,19,17,0.51,0.0,0
2020-02-18 14:59:59,19.0,20.0,0.0,90.5,79.0,93,16,15,0.51,0.0,0
2020-02-18 15:59:59,19.0,20.0,0.0,91.5,37.0,91,15,13,0.0,0.0,0
2020-02-18 16:59:59,19.0,20.0,0.0,92.25,40.0,86,12,10,0.0,0.0,0
2020-02-18 17:59:59,19.0,20.0,0.0,92.75,23.0,79,12,9,0.0,0.0,0
2020-02-18 18:59:59,19.0,20.0,0.0,93.0,0.0,77,12,8,0.0,0.0,0
2020-02-18 19:59:59,19.0,20.0,4.75,93.0,0.0,73,12,7,0.0,0.0,0
2020-02-18 20:59:59,19.0,20.0,16.5,93.0,0.0,73,12,7,0.0,0.0,0
2020-02-18 21:59:59,19.25,20.25,33.75,93.25,0.0,77,11,7,0.0,0.0,0
2020-02-18 22:59:58,19.5,20.5,82.5,93.75,0.0,79,11,7,0.51,0.0,0
2020-02-18 23:59:59,19.75,20.75,113.25,94.25,0.0,88,10,8,0.76,0.0,0
2020-02-19 00:59:58,0.0,0.0,0.0,0.0,0.0,90,10,8,0.0,7.130000000000000,0
2020-02-19 01:59:58,0.0,0.0,0.0,0.0,0.0,87,10,8,0.0,7.130000000000000,0
2020-02-19 02:59:59,0.0,0.0,0.0,0.0,0.0,85,10,8,0.0,7.130000000000000,0
2020-02-19 03:59:59,19.0,20.0,0.0,91.5,0.0,86,10,8,0.0,7.130000000000000,0
2020-02-19 04:59:59,19.0,20.0,0.0,92.25,0.0,87,10,8,0.0,7.130000000000000,0
2020-02-19 05:59:59,19.0,20.0,0.0,92.75,0.0,90,9,8,0.0,7.130000000000000,0
2020-02-19 06:59:59,19.0,20.0,0.0,93.0,0.0,91,9,8,0.0,7.130000000000000,0
2020-02-19 07:59:59,19.0,20.0,4.75,93.0,7.0,89,10,8,0.0,7.130000000000000,0
2020-02-19 08:59:59,19.0,20.0,16.5,93.0,25.0,89,9,8,0.0,7.130000000000000,0
2020-02-19 09:59:59,19.25,20.25,33.75,93.25,35.0,91,9,8,0.0,7.130000000000000,0
2020-02-19 10:59:57,19.5,20.5,82.5,93.75,100.0,91,9,8,1.02,7.130000000000000,0
2020-02-19 11:59:57,19.75,20.75,113.25,94.25,128.0,93,9,8,1.02,7.130000000000000,0
2020-02-19 12:59:58,20.0,21.0,124.0,94.25,135.0,92,9,8,0.0,7.130000000000000,0
2020-02-19 13:59:58,19.25,20.5,122.5,93.5,100.0,93,9,8,0.25,7.130000000000000,0
2020-02-19 14:59:58,18.0,19.25,93.5,93.0,76.0,94,9,8,0.25,7.130000000000000,0
2020-02-19 15:59:58,16.25,17.75,67.25,92.0,62.0,94,9,8,0.0,7.130000000000000,0
2020-02-19 16:59:58,13.75,15.5,54.75,90.25,37.0,94,9,8,0.25,7.130000000000000,0
2020-02-19 17:59:58,11.75,13.75,44.75,87.25,26.0,95,9,8,0.25,7.130000000000000,0
2020-02-19 18:59:58,10.0,12.75,25.0,83.25,7.0,95,9,8,0.0,7.130000000000000,0
2020-02-19 19:59:58,8.5,12.0,15.75,78.75,0.0,94,9,8,0.0,7.130000000000000,0
2020-02-19 20:59:58,7.75,12.0,5.75,75.5,0.0,93,9,8,0.0,7.130000000000000,0
2020-02-19 21:59:59,7.25,11.75,0.0,75.0,0.0,92,9,8,0.0,7.130000000000000,0
2020-02-19 22:59:59,7.0,11.5,0.0,75.5,0.0,93,9,8,0.25,7.130000000000000,0
2020-02-19 23:59:59,7.25,11.0,0.0,79.25,0.0,93,8,7,0.25,7.130000000000000,0
2020-02-20 00:59:59,0.0,0.0,0.0,0.0,0.0,95,8,7,0.0,19.550000000000000,0
2020-02-20 01:59:59,0.0,0.0,0.0,0.0,0.0,95,8,7,0.25,19.550000000000000,0
2020-02-20 02:59:59,0.0,0.0,0.0,0.0,0.0,96,8,7,0.25,19.550000000000000,0
2020-02-20 03:59:59,8.0,10.0,0.0,87.0,0.0,96,8,7,0.51,19.550000000000000,0
2020-02-20 04:59:59,8.0,10.0,0.0,86.25,0.0,96,8,7,1.27,19.550000000000000,0
2020-02-20 05:59:59,8.0,9.75,0.0,87.0,0.0,96,8,7,1.52,19.550000000000000,0
2020-02-20 06:59:59,8.0,9.5,0.0,88.5,0.0,95,7,7,3.56,19.550000000000000,0
2020-02-20 07:59:59,8.0,9.5,1.75,89.25,16.0,94,7,6,3.81,19.550000000000000,0
2020-02-20 08:59:59,8.0,9.25,8.0,89.75,25.0,93,7,6,2.03,19.550000000000000,0
2020-02-20 09:59:59,8.0,9.25,16.75,90.0,35.0,93,7,6,0.25,19.550000000000000,0
2020-02-20 10:59:57,8.0,9.25,41.75,90.0,95.0,93,7,6,0.76,19.550000000000000,0
2020-02-20 11:59:58,8.0,9.0,72.0,91.0,125.0,93,7,6,0.51,19.550000000000000,0
2020-02-20 12:59:58,8.0,9.0,99.5,91.75,107.0,91,7,6,0.0,19.550000000000000,0
2020-02-20 13:59:58,8.0,9.0,115.75,92.25,141.0,88,8,6,0.0,19.550000000000000,0
2020-02-20 14:59:58,8.0,9.0,109.75,93.0,179.0,85,9,6,0.0,19.550000000000000,0
2020-02-20 15:59:58,8.0,9.0,93.25,93.25,197.0,81,9,6,0.0,19.550000000000000,0
2020-02-20 16:59:58,8.0,9.0,68.75,93.75,174.0,75,10,6,0.0,19.550000000000000,0
2020-02-20 17:59:58,8.0,9.0,50.25,94.25,84.0,71,11,6,0.0,19.550000000000000,0
2020-02-20 18:59:58,8.0,9.0,33.0,94.5,23.0,69,10,5,0.0,19.550000000000000,0
2020-02-20 19:59:59,8.0,9.0,17.5,94.5,0.0,68,10,4,0.0,19.550000000000000,0
2020-02-20 20:59:59,8.0,9.0,8.25,94.25,0.0,71,9,4,0.0,19.550000000000000,0
2020-02-20 21:59:59,8.0,9.0,1.75,93.5,0.0,73,8,4,0.0,19.550000000000000,0
2020-02-20 22:59:59,8.0,9.0,0.0,93.0,0.0,72,8,3,0.0,19.550000000000000,1
2020-02-20 23:59:59,7.75,8.75,0.0,92.75,0.0,72,7,3,0.0,19.550000000000000,1
2020-02-21 00:59:59,0.0,0.0,0.0,0.0,0.0,74,6,2,0.0,194.08000000000000,1
2020-02-21 01:59:59,0.0,0.0,0.0,0.0,0.0,76,6,2,0.0,194.08000000000000,1
2020-02-21 02:59:59,0.0,0.0,0.0,0.0,0.0,79,5,1,0.0,194.08000000000000,1
2020-02-21 03:59:59,7.0,8.0,0.0,95.5,0.0,80,4,1,0.0,194.08000000000000,1
2020-02-21 04:59:59,7.0,8.0,0.0,95.75,0.0,80,4,1,0.0,194.08000000000000,1
2020-02-21 05:59:59,7.0,8.0,0.0,96.0,0.0,82,3,0,0.0,194.08000000000000,1
2020-02-21 06:59:59,7.0,7.75,0.0,95.75,0.0,82,3,0,0.0,194.08000000000000,1
2020-02-21 07:59:59,6.75,7.5,4.0,95.25,105.0,82,2,0,0.0,194.08000000000000,1
2020-02-21 08:59:57,6.5,7.25,10.25,94.5,295.0,77,3,0,0.0,194.08000000000000,1
2020-02-21 09:59:58,6.25,7.0,19.0,93.75,476.0,69,5,0,0.0,194.08000000000000,1
2020-02-21 10:59:58,6.0,7.0,42.75,93.25,615.0,64,7,1,0.0,194.08000000000000,1
2020-02-21 11:59:58,6.0,7.0,70.0,93.0,700.0,59,9,1,0.0,194.08000000000000,1
2020-02-21 12:59:58,6.0,7.0,90.5,92.5,744.0,55,10,2,0.0,194.08000000000000,1
2020-02-21 13:59:58,6.0,7.25,117.0,91.25,772.0,53,11,2,0.0,194.08000000000000,1
2020-02-21 14:59:58,6.0,7.75,138.0,89.25,693.0,50,12,2,0.0,194.08000000000000,1
2020-02-21 15:59:58,6.0,8.25,156.0,86.25,587.0,48,12,2,0.0,194.08000000000000,1
2020-02-21 16:59:58,6.0,9.0,172.75,82.25,443.0,48,13,2,0.0,194.08000000000000,1
2020-02-21 17:59:58,6.0,9.75,158.5,78.0,250.0,53,12,2,0.0,194.08000000000000,1
2020-02-21 18:59:59,5.75,10.0,119.5,74.0,30.0,58,10,2,0.0,194.08000000000000,1
2020-02-21 19:59:59,5.25,10.25,70.25,70.75,0.0,62,9,2,0.0,194.08000000000000,1
2020-02-21 20:59:59,4.75,10.0,26.75,69.75,0.0,66,9,3,0.0,194.08000000000000,1
2020-02-21 21:59:59,4.25,9.25,5.75,70.25,0.0,68,8,3,0.0,194.08000000000000,1
2020-02-21 22:59:59,3.75,8.75,0.0,71.0,0.0,70,8,3,0.0,194.08000000000000,1
2020-02-21 23:59:59,3.5,8.0,0.0,72.0,0.0,72,7,3,0.0,194.08000000000000,1
2020-02-22 00:59:59,0.0,0.0,0.0,0.0,0.0,72,7,3,0.0,0.0,1
2020-02-22 01:59:59,0.0,0.0,0.0,0.0,0.0,76,7,3,0.0,0.0,1
2020-02-22 02:59:59,0.0,0.0,0.0,0.0,0.0,80,6,3,0.0,0.0,1
2020-02-22 03:59:59,1.5,5.25,0.0,77.25,0.0,81,6,3,0.0,0.0,1
2020-02-22 04:59:59,1.25,4.75,0.0,78.75,0.0,75,7,3,0.0,0.0,1
2020-02-22 05:59:59,0.75,4.0,0.0,80.25,0.0,73,7,3,0.0,0.0,1
2020-02-22 06:59:57,0.5,3.5,0.0,81.0,0.0,73,7,3,0.0,0.0,1
2020-02-22 07:59:57,0.25,3.0,26.25,81.5,146.0,73,7,3,0.0,0.0,1
2020-02-22 08:59:58,0.0,2.75,100.0,80.75,350.0,69,8,3,0.0,0.0,1
2020-02-22 09:59:58,0.0,3.25,219.0,77.5,520.0,61,11,3,0.0,0.0,1
2020-02-22 10:59:58,0.25,4.25,372.75,73.0,626.0,53,13,4,0.0,0.0,1
2020-02-22 11:59:58,0.5,6.0,521.5,67.25,700.0,48,15,4,0.0,0.0,1
2020-02-22 12:59:58,1.0,7.75,633.75,61.75,740.0,47,16,5,0.0,0.0,1
2020-02-22 13:59:58,1.5,9.25,707.75,57.75,828.0,45,17,5,0.0,0.0,1
2020-02-22 14:59:58,1.75,10.5,727.25,54.25,809.0,42,18,5,0.0,0.0,1
2020-02-22 15:59:59,2.0,11.25,699.0,51.5,599.0,42,18,5,0.0,0.0,1
2020-02-22 16:59:58,2.0,12.0,623.75,49.75,424.0,44,17,5,0.0,0.0,1
2020-02-22 17:59:59,2.0,12.25,493.25,49.75,211.0,48,16,5,0.0,0.0,1
2020-02-22 18:59:59,2.0,11.75,327.5,51.75,44.0,54,15,6,0.0,0.0,1
2020-02-22 19:59:59,2.0,11.0,180.75,55.25,0.0,58,14,7,0.0,0.0,1
2020-02-22 20:59:59,2.25,10.0,70.0,59.75,0.0,62,14,7,0.0,0.0,1
2020-02-22 21:59:59,2.5,9.0,7.5,63.5,0.0,69,13,8,0.0,0.0,1
2020-02-22 22:59:59,2.75,8.5,0.0,66.5,0.0,73,13,8,0.0,0.0,1
2020-02-22 23:59:59,3.0,8.0,0.0,69.0,0.0,76,12,8,0.0,0.0,1
2020-02-23 00:59:59,0.0,0.0,0.0,0.0,0.0,78,13,9,0.0,0.0,1
2020-02-23 01:59:59,0.0,0.0,0.0,0.0,0.0,79,13,9,0.0,0.0,1
2020-02-23 02:59:59,0.0,0.0,0.0,0.0,0.0,80,13,9,0.0,0.0,1
2020-02-23 03:59:59,3.0,6.5,0.0,77.25,0.0,81,13,10,0.0,0.0,1
2020-02-23 04:59:59,3.0,6.5,0.0,78.0,0.0,83,13,10,0.0,0.0,1
2020-02-23 05:59:59,3.0,6.5,0.0,77.25,0.0,83,13,10,0.0,0.0,1
2020-02-23 06:59:58,3.0,6.75,0.0,75.5,0.0,85,12,10,0.0,0.0,1
2020-02-23 07:59:58,3.0,7.0,36.5,73.5,54.0,86,12,10,0.0,0.0,1
2020-02-23 08:59:58,3.0,7.25,124.0,72.0,69.0,86,13,11,0.0,0.0,1
2020-02-23 09:59:58,3.0,8.25,254.0,69.0,188.0,87,14,11,0.0,0.0,1
2020-02-23 10:59:58,3.25,9.75,410.5,64.0,227.0,85,15,13,0.0,0.0,1
2020-02-23 11:59:58,3.5,11.75,549.0,57.75,345.0,82,17,14,0.0,0.0,1
2020-02-23 12:59:58,4.0,13.75,646.5,52.25,271.0,78,19,15,0.0,0.0,1
2020-02-23 13:59:58,4.5,15.25,723.5,48.25,202.0,73,20,15,0.0,0.0,1
2020-02-23 14:59:58,4.75,16.5,769.25,45.5,134.0,71,21,15,0.0,0.0,1
2020-02-23 15:59:59,5.0,17.25,744.0,44.0,83.0,71,21,16,0.0,0.0,1
2020-02-23 16:59:59,5.0,17.5,665.0,43.25,72.0,72,21,16,0.0,0.0,1
2020-02-23 17:59:59,5.0,17.25,510.75,44.0,39.0,74,21,16,0.0,0.0,1
2020-02-23 18:59:59,5.25,16.5,319.5,47.0,0.0,78,20,16,0.0,0.0,1
2020-02-23 19:59:59,5.75,15.5,169.75,51.0,0.0,80,20,16,0.0,0.0,1
2020-02-23 20:59:59,6.25,14.75,63.75,55.5,0.0,82,19,16,0.0,0.0,1
2020-02-23 21:59:59,7.0,14.0,11.0,60.75,0.0,83,19,16,0.0,0.0,1
2020-02-23 22:59:59,7.5,13.5,0.0,65.5,0.0,85,19,16,0.0,0.0,1
2020-02-23 23:59:59,7.75,13.0,0.0,70.0,0.0,87,19,17,0.0,0.0,1
2020-02-24 00:59:59,0.0,0.0,0.0,0.0,0.0,90,19,17,0.0,0.0,1
2020-02-24 01:59:59,0.0,0.0,0.0,0.0,0.0,91,19,17,0.0,0.0,1
2020-02-24 02:59:59,0.0,0.0,0.0,0.0,0.0,92,19,17,0.0,0.0,1
2020-02-24 03:59:59,9.25,13.0,0.0,79.5,0.0,93,19,17,0.0,0.0,1
2020-02-24 04:59:57,9.5,13.0,0.0,80.75,0.0,94,18,17,0.0,0.0,1
2020-02-24 05:59:58,9.75,13.0,0.0,81.75,0.0,94,18,17,0.0,0.0,1
2020-02-24 06:59:58,10.0,12.75,0.0,83.0,0.0,94,18,17,0.0,0.0,1
2020-02-24 07:59:58,10.0,12.5,13.5,84.25,60.0,94,17,17,0.0,0.0,1
2020-02-24 08:59:58,10.25,12.5,30.75,85.0,162.0,84,17,15,0.0,0.0,1
2020-02-24 09:59:58,10.5,12.75,77.75,86.0,246.0,59,18,10,0.0,0.0,1
2020-02-24 10:59:58,11.25,13.5,134.5,86.0,352.0,51,18,8,0.0,0.0,1
2020-02-24 11:59:58,12.25,14.75,207.25,85.0,417.0,47,18,7,0.0,0.0,1
2020-02-24 12:59:58,13.25,16.25,257.75,83.0,497.0,45,18,6,0.0,0.0,1
2020-02-24 13:59:58,14.25,17.75,261.25,79.5,591.0,41,19,6,0.0,0.0,1
2020-02-24 14:59:59,14.75,19.25,238.0,76.0,559.0,37,21,6,0.0,0.0,1
2020-02-24 15:59:59,15.25,20.25,172.5,73.25,330.0,37,21,6,0.0,0.0,1
2020-02-24 16:59:59,15.5,20.75,122.75,71.75,230.0,36,21,6,0.0,0.0,1
2020-02-24 17:59:59,15.75,21.0,82.0,72.0,163.0,38,21,6,0.0,0.0,1
2020-02-24 18:59:59,16.0,20.75,48.5,73.75,30.0,42,20,6,0.0,0.0,1
2020-02-24 19:59:59,16.0,20.5,27.75,76.0,0.0,50,18,7,0.0,0.0,1
2020-02-24 20:59:59,16.0,20.0,9.75,78.5,0.0,60,15,8,0.0,0.0,1
2020-02-24 21:59:59,16.0,19.5,0.0,80.75,0.0,68,13,8,0.0,0.0,1
2020-02-24 22:59:59,16.0,19.25,0.0,82.5,0.0,74,12,7,0.0,0.0,1
2020-02-24 23:59:58,16.25,19.0,0.0,84.25,0.0,80,10,7,0.0,0.0,1
2020-02-25 00:59:59,0.0,0.0,0.0,0.0,0.0,83,9,7,0.0,0.0,1
2020-02-25 01:59:59,0.0,0.0,0.0,0.0,0.0,86,8,6,0.0,0.0,1
2020-02-25 02:59:59,0.0,0.0,0.0,0.0,0.0,89,8,6,0.0,0.0,1
2020-02-25 03:59:58,17.0,19.0,0.0,91.5,0.0,90,7,6,0.0,0.0,1
2020-02-25 04:59:58,17.0,18.75,0.0,92.5,0.0,90,7,6,0.0,0.0,1
2020-02-25 05:59:58,17.0,18.5,0.0,93.25,0.0,86,8,6,0.0,0.0,1
2020-02-25 06:59:58,17.0,18.25,0.0,93.75,0.0,79,10,7,0.0,0.0,1
2020-02-25 07:59:58,17.0,17.75,15.0,94.0,121.0,78,10,6,0.0,0.0,1
2020-02-25 08:59:58,16.5,17.5,55.5,91.5,313.0,75,11,7,0.0,0.0,1
2020-02-25 09:59:58,14.75,17.5,117.0,82.75,494.0,68,12,7,0.0,0.0,1
2020-02-25 10:59:58,12.5,17.5,205.0,72.0,633.0,62,14,7,0.0,0.0,1
2020-02-25 11:59:58,10.0,17.75,294.25,60.25,724.0,59,15,7,0.0,0.0,1
2020-02-25 12:59:59,7.75,18.0,378.0,50.5,752.0,55,16,7,0.0,0.0,1
2020-02-25 13:59:59,6.75,18.25,464.25,46.0,751.0,50,17,7,0.0,0.0,1
2020-02-25 14:59:59,6.25,19.0,516.0,42.5,710.0,46,18,7,0.0,0.0,1
2020-02-25 15:59:59,6.0,19.75,494.25,40.0,608.0,44,19,7,0.0,0.0,1
2020-02-25 16:59:59,6.0,20.5,427.5,37.75,496.0,45,18,6,0.0,0.0,1
2020-02-25 17:59:59,6.0,21.0,320.5,37.0,315.0,48,17,6,0.0,0.0,1
2020-02-25 18:59:59,6.0,20.75,188.25,38.25,40.0,50,15,5,0.0,0.0,1
2020-02-25 19:59:59,6.25,20.0,105.75,41.5,0.0,50,14,4,0.0,0.0,1
2020-02-25 20:59:59,6.75,18.5,48.25,47.5,0.0,38,14,1,0.0,0.0,1
2020-02-25 21:59:58,7.25,16.5,7.5,55.0,0.0,36,14,-1,0.0,0.0,1
2020-02-25 22:59:58,7.5,14.5,0.0,63.0,0.0,33,14,-2,0.0,0.0,1
2020-02-25 23:59:58,7.5,12.5,0.0,70.5,0.0,31,13,-4,0.0,0.0,1
2020-02-26 00:59:59,0.0,0.0,0.0,0.0,0.0,31,12,-5,0.0,0.0,1
2020-02-26 01:59:57,0.0,0.0,0.0,0.0,0.0,36,10,-4,0.0,0.0,1
2020-02-26 02:59:58,0.0,0.0,0.0,0.0,0.0,45,8,-3,0.0,0.0,1
2020-02-26 03:59:58,6.25,8.0,0.0,87.0,0.0,52,7,-2,0.0,0.0,1
2020-02-26 04:59:58,6.0,7.5,0.0,88.75,0.0,57,6,-2,0.0,0.0,1
2020-02-26 05:59:58,6.0,7.5,0.0,88.75,0.0,60,5,-2,0.0,0.0,1
2020-02-26 06:59:58,6.25,8.0,0.0,86.25,0.0,62,5,-2,0.0,0.0,1
2020-02-26 07:59:58,6.25,8.75,30.25,83.25,97.0,60,5,-2,0.0,0.0,1
2020-02-26 08:59:58,6.5,9.75,108.5,79.5,420.0,54,6,-2,0.0,0.0,1
2020-02-26 09:59:58,6.75,10.75,232.0,75.0,527.0,51,7,-2,0.0,0.0,1
2020-02-26 10:59:58,6.75,11.75,390.25,70.75,744.0,49,8,-2,0.0,0.0,1
2020-02-26 11:59:59,7.0,13.0,541.0,66.0,918.0,46,9,-2,0.0,0.0,1
2020-02-26 12:59:59,7.0,14.25,650.75,61.0,951.0,42,10,-2,0.0,0.0,1
2020-02-26 13:59:59,7.0,15.5,715.0,56.5,856.0,37,11,-3,0.0,0.0,1
2020-02-26 14:59:59,7.0,16.5,734.25,52.5,782.0,34,12,-3,0.0,0.0,1
2020-02-26 15:59:59,7.0,17.5,705.25,48.75,631.0,32,12,-4,0.0,0.0,1
2020-02-26 16:59:59,6.75,18.0,641.25,46.25,475.0,31,12,-5,0.0,0.0,1
2020-02-26 17:59:59,6.5,18.0,532.25,45.75,281.0,32,11,-5,0.0,0.0,1
2020-02-26 18:59:59,6.0,17.25,364.75,46.75,42.0,35,10,-5,0.0,0.0,1
2020-02-26 19:59:59,5.25,16.0,212.75,48.25,0.0,39,9,-4,0.0,0.0,1
2020-02-26 20:59:58,4.0,15.0,88.75,46.5,0.0,44,8,-4,0.0,0.0,1
2020-02-26 21:59:58,2.25,14.25,10.0,43.5,0.0,51,6,-3,0.0,0.0,1
2020-02-26 22:59:58,0.5,14.0,0.0,39.25,0.0,56,5,-3,0.0,0.0,1
2020-02-26 23:59:58,-1.5,13.75,0.0,34.5,0.0,60,4,-3,0.0,0.0,1
2020-02-27 00:59:58,0.0,0.0,0.0,0.0,0.0,64,3,-3,0.0,0.0,1
2020-02-27 01:59:58,0.0,0.0,0.0,0.0,0.0,67,2,-3,0.0,0.0,1
2020-02-27 02:59:58,0.0,0.0,0.0,0.0,0.0,71,1,-3,0.0,0.0,1
2020-02-27 03:59:58,-3.5,9.25,0.0,41.0,0.0,73,1,-3,0.0,0.0,1
2020-02-27 04:59:58,-2.75,7.75,0.0,47.5,0.0,77,0,-4,0.0,0.0,1
2020-02-27 05:59:58,-2.25,6.5,0.0,53.5,0.0,79,-1,-4,0.0,0.0,1
2020-02-27 06:59:58,-2.0,5.75,0.0,57.75,5.0,79,-1,-4,0.0,0.0,1
2020-02-27 07:59:58,-2.0,5.25,24.25,59.75,137.0,80,-1,-4,0.0,0.0,1
2020-02-27 08:59:58,-2.0,5.25,129.25,59.0,343.0,71,2,-2,0.0,0.0,1
2020-02-27 09:59:59,-2.0,5.75,261.0,56.75,529.0,48,8,-2,0.0,0.0,1
2020-02-27 10:59:59,-2.0,6.5,447.0,53.5,675.0,37,11,-3,0.0,0.0,1
2020-02-27 11:59:59,-2.0,7.5,652.25,50.0,765.0,31,14,-3,0.0,0.0,1
2020-02-27 12:59:59,-2.0,8.5,785.0,47.0,791.0,25,15,-5,0.0,0.0,1
2020-02-27 13:59:59,-2.25,9.5,867.25,43.5,791.0,22,16,-5,0.0,0.0,1
2020-02-27 14:59:59,-2.5,10.5,876.75,39.75,745.0,20,17,-5,0.0,0.0,1
2020-02-27 15:59:59,-3.0,11.25,805.0,36.25,635.0,19,18,-5,0.0,0.0,1
2020-02-27 16:59:59,-3.75,11.75,686.0,33.5,476.0,19,19,-5,0.0,0.0,1
2020-02-27 17:59:59,-4.25,11.75,542.25,32.25,281.0,21,18,-5,0.0,0.0,1
2020-02-27 18:59:58,-4.75,11.25,357.25,32.5,40.0,27,16,-3,0.0,0.0,1
2020-02-27 19:59:58,-4.75,10.5,199.5,34.25,0.0,31,14,-3,0.0,0.0,1
2020-02-27 20:59:58,-4.5,9.5,80.75,37.5,0.0,33,12,-3,0.0,0.0,1
2020-02-27 21:59:58,-4.0,8.25,10.5,42.25,0.0,38,11,-3,0.0,0.0,1
2020-02-27 22:59:58,-3.5,7.0,0.0,47.5,0.0,47,8,-2,0.0,0.0,1
2020-02-27 23:59:58,-3.25,5.75,0.0,52.75,0.0,53,7,-2,0.0,0.0,1
2020-02-28 00:59:58,0.0,0.0,0.0,0.0,0.0,44,8,-3,0.0,0.0,1
2020-02-28 01:59:58,0.0,0.0,0.0,0.0,0.0,42,8,-4,0.0,0.0,1
2020-02-28 02:59:58,0.0,0.0,0.0,0.0,0.0,47,8,-3,0.0,0.0,1
2020-02-28 03:59:58,-3.0,1.75,0.0,68.75,0.0,50,7,-2,0.0,0.0,1
2020-02-28 04:59:58,-3.25,1.0,0.0,72.0,0.0,53,7,-2,0.0,0.0,1
2020-02-28 05:59:58,-3.5,0.25,0.0,75.0,0.0,59,5,-2,0.0,0.0,1
2020-02-28 06:59:58,-3.75,-0.25,1.25,77.0,7.0,61,5,-2,0.0,0.0,1
2020-02-28 07:59:58,-4.0,-0.75,35.5,78.75,120.0,63,5,-2,0.0,0.0,1
2020-02-28 08:59:59,-3.5,-0.25,121.25,77.25,378.0,53,8,-1,0.0,0.0,1
2020-02-28 09:59:59,-3.0,2.0,253.5,69.5,541.0,41,12,0,0.0,0.0,1
2020-02-28 10:59:59,-2.75,5.0,421.0,59.0,708.0,34,15,0,0.0,0.0,1
2020-02-28 11:59:59,-2.5,8.75,578.0,46.75,759.0,28,17,-1,0.0,0.0,1
2020-02-28 12:59:59,-3.25,12.0,690.0,35.25,791.0,23,20,-1,0.0,0.0,1
2020-02-28 13:59:59,-4.0,14.0,755.5,28.75,788.0,19,22,-2,0.0,0.0,1
2020-02-28 14:59:59,-4.5,15.5,773.0,24.5,747.0,17,24,-2,0.0,0.0,1
2020-02-28 15:59:59,-5.0,16.5,740.5,21.5,645.0,18,24,-1,0.0,0.0,1
2020-02-28 16:59:59,-5.0,17.5,661.75,20.0,408.0,21,23,0,0.0,0.0,1
2020-02-28 17:59:58,-5.0,18.0,534.25,19.75,202.0,24,22,1,0.0,0.0,1
2020-02-28 18:59:58,-4.5,17.75,358.0,21.5,40.0,26,20,0,0.0,0.0,1
2020-02-28 19:59:58,-4.0,16.75,199.25,24.5,0.0,32,18,1,0.0,0.0,1
2020-02-28 20:59:58,-3.5,15.0,80.25,28.0,0.0,37,16,2,0.0,0.0,1
2020-02-28 21:59:58,-3.0,13.25,10.0,32.25,0.0,43,15,3,0.0,0.0,1
2020-02-28 22:59:58,-2.75,11.25,0.0,37.25,0.0,51,13,3,0.0,0.0,1
2020-02-28 23:59:58,-2.5,9.5,0.0,42.75,0.0,56,11,3,0.0,0.0,1
2020-02-29 00:59:58,0.0,0.0,0.0,0.0,0.0,64,9,3,0.0,0.0,1
2020-02-29 01:59:58,0.0,0.0,0.0,0.0,0.0,69,8,3,0.0,0.0,1
2020-02-29 02:59:58,0.0,0.0,0.0,0.0,0.0,70,8,3,0.0,0.0,1
2020-02-29 03:59:58,-3.0,7.75,0.0,45.75,0.0,64,9,2,0.0,0.0,1
2020-02-29 04:59:58,-2.75,7.5,0.0,48.0,0.0,66,9,3,0.0,0.0,1
2020-02-29 05:59:58,-2.25,6.75,0.0,52.25,0.0,70,7,2,0.0,0.0,1
2020-02-29 06:59:59,-2.0,6.0,1.75,55.75,0.0,77,6,2,0.0,0.0,1
2020-02-29 07:59:59,-2.0,5.5,31.75,59.0,83.0,78,6,3,0.0,0.0,1
2020-02-29 08:59:59,-1.75,5.75,126.25,59.0,439.0,63,9,2,0.0,0.0,1
2020-02-29 09:59:59,-1.25,7.5,261.5,54.5,529.0,43,14,2,0.0,0.0,1
2020-02-29 10:59:59,-0.75,10.0,436.75,47.75,673.0,37,18,4,0.0,0.0,1
2020-02-29 11:59:59,-0.5,13.0,596.5,39.0,805.0,32,21,4,0.0,0.0,1
2020-02-29 12:59:59,-0.5,16.0,699.75,31.5,835.0,30,22,4,0.0,0.0,1
2020-02-29 13:59:59,-1.0,18.5,761.5,26.0,838.0,26,23,3,0.0,0.0,1
2020-02-29 14:59:59,-1.5,20.75,771.25,21.75,840.0,27,24,4,0.0,0.0,1
2020-02-29 15:59:58,-1.5,22.5,742.75,19.25,707.0,32,24,6,0.0,0.0,1
2020-02-29 16:59:58,-1.25,23.25,647.0,18.75,483.0,34,24,7,0.0,0.0,1
2020-02-29 17:59:58,-0.5,23.25,500.5,20.0,294.0,39,23,8,0.0,0.0,1
2020-02-29 18:59:58,0.0,22.25,323.75,22.25,35.0,47,21,9,0.0,0.0,1
2020-02-29 19:59:58,0.5,20.75,162.5,25.75,0.0,51,19,9,0.0,0.0,1
2020-02-29 20:59:58,1.0,19.0,60.5,29.75,0.0,61,18,10,0.0,0.0,1
2020-02-29 21:59:58,1.5,17.25,10.0,34.5,0.0,70,17,12,0.0,0.0,1
2020-02-29 22:59:58,2.25,15.5,0.0,40.75,0.0,76,16,12,0.0,0.0,1
2020-02-29 23:59:59,2.75,13.75,0.0,46.75,0.0,79,16,12,0.0,0.0,1
2020-03-01 00:59:58,0.0,0.0,0.0,0.0,0.0,80,16,12,0.0,0.0,1
2020-03-01 01:59:58,0.0,0.0,0.0,0.0,0.0,81,15,12,0.0,0.0,1
2020-03-01 02:59:58,0.0,0.0,0.0,0.0,0.0,83,15,12,0.0,0.0,1
2020-03-01 03:59:58,2.75,8.5,0.0,66.75,0.0,85,15,12,0.0,0.0,1
2020-03-01 04:59:58,2.75,8.5,0.0,67.25,0.0,87,14,12,0.0,0.0,1
2020-03-01 05:59:59,2.5,8.25,0.0,67.5,0.0,89,14,13,0.0,0.0,1
2020-03-01 06:59:59,2.25,7.75,0.0,69.25,0.0,89,15,13,0.0,0.0,1
2020-03-01 07:59:59,2.5,7.0,20.75,72.75,62.0,89,15,13,0.0,0.0,1
2020-03-01 08:59:59,2.25,7.0,130.5,72.0,84.0,88,15,13,0.0,0.0,1
2020-03-01 09:59:59,2.25,8.75,262.75,65.25,156.0,85,17,14,0.0,0.0,1
2020-03-01 10:59:59,2.75,11.75,431.0,55.25,308.0,80,19,15,0.0,0.0,1
2020-03-01 11:59:59,3.0,15.5,611.5,43.75,346.0,76,20,16,0.0,0.0,1
2020-03-01 12:59:59,3.5,18.75,710.5,35.5,459.0,72,21,16,0.0,0.0,1
2020-03-01 13:59:59,3.75,21.0,787.75,31.25,633.0,68,22,16,0.0,0.0,1
2020-03-01 14:59:58,3.75,22.5,829.5,28.75,835.0,62,24,16,0.0,0.0,1
2020-03-01 15:59:58,4.25,23.25,805.0,28.75,652.0,59,25,16,0.0,0.0,1
2020-03-01 16:59:58,5.0,23.75,717.0,29.75,420.0,57,25,16,0.0,0.0,1
2020-03-01 17:59:58,6.25,23.75,581.0,33.0,200.0,59,24,16,0.0,0.0,1
2020-03-01 18:59:58,7.5,23.0,379.75,38.0,40.0,62,23,16,0.0,0.0,1
2020-03-01 19:59:58,8.25,21.75,203.0,42.75,0.0,72,22,17,0.0,0.0,1
2020-03-01 20:59:58,9.0,20.25,82.25,49.5,0.0,78,21,17,0.0,0.0,1
2020-03-01 21:59:58,10.0,18.75,8.75,57.25,0.0,83,20,17,0.0,0.0,1
2020-03-01 22:59:59,10.75,17.5,0.0,64.5,0.0,86,19,17,0.0,0.0,1
2020-03-01 23:59:59,11.5,16.75,0.0,71.5,0.0,88,19,17,0.0,0.0,1